model,augmentation,seed,best_val_accuracy
ResNet18 Full,Crop,42,98.20426487093154
ResNet18 Full,No Augmentation,10,98.20426487093154
ResNet18 Full,Full without Color,10,97.97979797979798
ResNet18 Full,Basic,42,97.8675645342312
ResNet18 Full,Basic,10,97.8675645342312
ResNet18 Full,No Augmentation,42,97.8675645342312
ResNet18 Full,Full without Color,42,97.8675645342312
ResNet18 Full,Color,42,97.8675645342312
ResNet18 Full,Full,10,97.8675645342312
ResNet18 Full,Full without Color,20,97.8675645342312
ResNet18 Full,Full + Basic,42,97.75533108866442
ResNet18 Full,Full + Basic + Color,42,97.75533108866442
ResNet18 Full,Full + Basic + Color,20,97.75533108866442
ResNet18 Full,Color,20,97.75533108866442
ResNet18 Full,Crop,20,97.75533108866442
ResNet18 Full,Basic,20,97.64309764309765
ResNet18 Full,Full,42,97.64309764309765
ResNet18 Full,Color,10,97.64309764309765
ResNet18 Full,Crop,10,97.64309764309765
ResNet18 Full,Full + Basic + Color,10,97.64309764309765
ResNet18 Full,Full + Basic,10,97.53086419753086
ResNet18 Full,Full + Basic,20,97.53086419753086
ResNet18 Full,No Augmentation,20,97.41863075196409
ResNet18 Full,Full,20,97.41863075196409
ResNet18 Layer4,Full without Color,42,97.08193041526376
ResNet18 Layer4,Full + Basic,42,96.96969696969697
ResNet18 Layer4,Full,10,96.74523007856341
ResNet18 Layer4,Full + Basic,20,96.74523007856341
ResNet18 Layer4,Full + Basic + Color,10,96.74523007856341
ResNet18 Layer4,Crop,42,96.74523007856341
ResNet18 Layer4,Crop,20,96.63299663299664
ResNet18 Layer4,Full without Color,20,96.63299663299664
ResNet18 Layer4,Full,42,96.63299663299664
ResNet18 Layer4,Full + Basic + Color,20,96.63299663299664
ResNet18 Layer4,Crop,10,96.52076318742986
ResNet18 Layer4,Full without Color,10,96.52076318742986
ResNet18 Layer4,No Augmentation,10,96.40852974186308
ResNet18 Layer4,Full + Basic,10,96.40852974186308
ResNet18 Layer4,Full,20,96.40852974186308
ResNet18 Layer4,Color,20,96.29629629629629
ResNet18 Layer4,Full + Basic + Color,42,96.29629629629629
ResNet18 Layer4,Color,42,96.18406285072952
ResNet18 Layer4,Basic,10,96.18406285072952
ResNet18 Layer4,No Augmentation,42,96.18406285072952
ResNet18 Layer4,Basic,42,96.07182940516273
ResNet18 Layer4,No Augmentation,20,96.07182940516273
ResNet18 Layer4,Basic,20,96.07182940516273
ResNet18 Layer4,Color,10,96.07182940516273
